{
  "n_converging": 471,
  "n_diverging": 5898,
  "n_cwl": 467,
  "n_dwl": 5872,
  "cwl_pure_pct": 25.910064239828692,
  "dwl_pure_pct": 19.22683923705722
}